{
  "prepare_queue": {
    "installed": [],
    "uninstalled": []
  },
  "config_munge": {
    "files": {
      "config.xml": {
        "parents": {
          "/*": [
            {
              "xml": "<feature name=\"Battery\"><param name=\"ios-package\" value=\"CDVBattery\" /></feature>",
              "count": 1
            },
            {
              "xml": "<feature name=\"Console\"><param name=\"ios-package\" value=\"CDVLogger\" /></feature>",
              "count": 1
            },
            {
              "xml": "<feature name=\"Contacts\"><param name=\"ios-package\" value=\"CDVContacts\" /></feature>",
              "count": 1
            },
            {
              "xml": "<feature name=\"Device\"><param name=\"ios-package\" value=\"CDVDevice\" /></feature>",
              "count": 1
            },
            {
              "xml": "<feature name=\"Accelerometer\"><param name=\"ios-package\" value=\"CDVAccelerometer\" /></feature>",
              "count": 1
            },
            {
              "xml": "<feature name=\"Compass\"><param name=\"ios-package\" value=\"CDVCompass\" /></feature>",
              "count": 1
            },
            {
              "xml": "<feature name=\"Notification\"><param name=\"ios-package\" value=\"CDVNotification\" /></feature>",
              "count": 1
            },
            {
              "xml": "<feature name=\"File\"><param name=\"ios-package\" value=\"CDVFile\" /><param name=\"onload\" value=\"true\" /></feature>",
              "count": 1
            },
            {
              "xml": "<feature name=\"FileTransfer\"><param name=\"ios-package\" value=\"CDVFileTransfer\" /></feature>",
              "count": 1
            },
            {
              "xml": "<feature name=\"Geolocation\"><param name=\"ios-package\" value=\"CDVLocation\" /></feature>",
              "count": 1
            },
            {
              "xml": "<feature name=\"Globalization\"><param name=\"ios-package\" value=\"CDVGlobalization\" /></feature>",
              "count": 1
            },
            {
              "xml": "<feature name=\"InAppBrowser\"><param name=\"ios-package\" value=\"CDVInAppBrowser\" /></feature>",
              "count": 1
            },
            {
              "xml": "<feature name=\"Media\"><param name=\"ios-package\" value=\"CDVSound\" /></feature>",
              "count": 1
            },
            {
              "xml": "<feature name=\"Capture\"><param name=\"ios-package\" value=\"CDVCapture\" /></feature>",
              "count": 1
            },
            {
              "xml": "<feature name=\"NetworkStatus\"><param name=\"ios-package\" value=\"CDVConnection\" /></feature>",
              "count": 1
            },
            {
              "xml": "<feature name=\"SplashScreen\"><param name=\"ios-package\" value=\"CDVSplashScreen\" /><param name=\"onload\" value=\"true\" /></feature>",
              "count": 1
            },
            {
              "xml": "<feature name=\"StatusBar\"><param name=\"ios-package\" value=\"CDVStatusBar\" /><param name=\"onload\" value=\"true\" /></feature>",
              "count": 1
            },
            {
              "xml": "<preference name=\"StatusBarOverlaysWebView\" value=\"true\" />",
              "count": 1
            },
            {
              "xml": "<preference name=\"StatusBarStyle\" value=\"lightcontent\" />",
              "count": 1
            },
            {
              "xml": "<feature name=\"Vibration\"><param name=\"ios-package\" value=\"CDVVibration\" /></feature>",
              "count": 1
            },
            {
              "xml": "<feature name=\"VideoEditor\"><param name=\"ios-package\" value=\"VideoEditor\" /></feature>",
              "count": 1
            },
            {
              "xml": "<feature name=\"SQLitePlugin\"><param name=\"ios-package\" value=\"SQLitePlugin\" /></feature>",
              "count": 2
            },
            {
              "xml": "<feature name=\"Sync\"><param name=\"ios-package\" value=\"ContentSync\" /></feature>",
              "count": 1
            },
            {
              "xml": "<feature name=\"Zip\"><param name=\"ios-package\" value=\"ContentSync\" /></feature>",
              "count": 1
            },
            {
              "xml": "<feature name=\"Camera\"><param name=\"ios-package\" value=\"CDVCamera\" /></feature>",
              "count": 1
            },
            {
              "xml": "<preference name=\"CameraUsesGeolocation\" value=\"false\" />",
              "count": 1
            }
          ]
        }
      },
      "*-Info.plist": {
        "parents": {
          "NSLocationWhenInUseUsageDescription": [
            {
              "xml": "<string />",
              "count": 2
            }
          ]
        }
      }
    }
  },
  "installed_plugins": {
    "cordova-plugin-battery-status": {
      "PACKAGE_NAME": "com.phonegap.helloworld"
    },
    "cordova-plugin-compat": {
      "PACKAGE_NAME": "com.phonegap.helloworld"
    },
    "cordova-plugin-console": {
      "PACKAGE_NAME": "com.phonegap.helloworld"
    },
    "cordova-plugin-contacts": {
      "PACKAGE_NAME": "com.phonegap.helloworld"
    },
    "cordova-plugin-device": {
      "PACKAGE_NAME": "com.phonegap.helloworld"
    },
    "cordova-plugin-device-motion": {
      "PACKAGE_NAME": "com.phonegap.helloworld"
    },
    "cordova-plugin-device-orientation": {
      "PACKAGE_NAME": "com.phonegap.helloworld"
    },
    "cordova-plugin-dialogs": {
      "PACKAGE_NAME": "com.phonegap.helloworld"
    },
    "cordova-plugin-file": {
      "PACKAGE_NAME": "com.phonegap.helloworld"
    },
    "cordova-plugin-file-transfer": {
      "PACKAGE_NAME": "com.phonegap.helloworld"
    },
    "cordova-plugin-geolocation": {
      "PACKAGE_NAME": "com.phonegap.helloworld"
    },
    "cordova-plugin-globalization": {
      "PACKAGE_NAME": "com.phonegap.helloworld"
    },
    "cordova-plugin-inappbrowser": {
      "PACKAGE_NAME": "com.phonegap.helloworld"
    },
    "cordova-plugin-media": {
      "PACKAGE_NAME": "com.phonegap.helloworld"
    },
    "cordova-plugin-media-capture": {
      "PACKAGE_NAME": "com.phonegap.helloworld"
    },
    "cordova-plugin-network-information": {
      "PACKAGE_NAME": "com.phonegap.helloworld"
    },
    "cordova-plugin-splashscreen": {
      "PACKAGE_NAME": "com.phonegap.helloworld"
    },
    "cordova-plugin-statusbar": {
      "PACKAGE_NAME": "com.phonegap.helloworld"
    },
    "cordova-plugin-vibration": {
      "PACKAGE_NAME": "com.phonegap.helloworld"
    },
    "cordova-plugin-video-editor": {
      "PACKAGE_NAME": "com.phonegap.helloworld"
    },
    "cordova-plugin-whitelist": {
      "PACKAGE_NAME": "com.phonegap.helloworld"
    },
    "phonegap-plugin-contentsync": {
      "PACKAGE_NAME": "com.phonegap.helloworld"
    },
    "uk.co.workingedge.cordova.plugin.sqliteporter": {
      "PACKAGE_NAME": "com.phonegap.helloworld"
    },
    "cordova-plugin-camera": {
      "PACKAGE_NAME": "com.phonegap.helloworld"
    },
    "cordova-sqlite-legacy": {
      "PACKAGE_NAME": "com.phonegap.helloworld"
    },
    "cordova-sqlite-legacy-build-support": {
      "PACKAGE_NAME": "com.phonegap.helloworld"
    }
  },
  "dependent_plugins": {},
  "modules": [
    {
      "id": "cordova-plugin-battery-status.battery",
      "file": "plugins/cordova-plugin-battery-status/www/battery.js",
      "pluginId": "cordova-plugin-battery-status",
      "clobbers": [
        "navigator.battery"
      ]
    },
    {
      "id": "cordova-plugin-console.console",
      "file": "plugins/cordova-plugin-console/www/console-via-logger.js",
      "pluginId": "cordova-plugin-console",
      "clobbers": [
        "console"
      ]
    },
    {
      "id": "cordova-plugin-console.logger",
      "file": "plugins/cordova-plugin-console/www/logger.js",
      "pluginId": "cordova-plugin-console",
      "clobbers": [
        "cordova.logger"
      ]
    },
    {
      "id": "cordova-plugin-contacts.contacts",
      "file": "plugins/cordova-plugin-contacts/www/contacts.js",
      "pluginId": "cordova-plugin-contacts",
      "clobbers": [
        "navigator.contacts"
      ]
    },
    {
      "id": "cordova-plugin-contacts.Contact",
      "file": "plugins/cordova-plugin-contacts/www/Contact.js",
      "pluginId": "cordova-plugin-contacts",
      "clobbers": [
        "Contact"
      ]
    },
    {
      "id": "cordova-plugin-contacts.ContactAddress",
      "file": "plugins/cordova-plugin-contacts/www/ContactAddress.js",
      "pluginId": "cordova-plugin-contacts",
      "clobbers": [
        "ContactAddress"
      ]
    },
    {
      "id": "cordova-plugin-contacts.ContactError",
      "file": "plugins/cordova-plugin-contacts/www/ContactError.js",
      "pluginId": "cordova-plugin-contacts",
      "clobbers": [
        "ContactError"
      ]
    },
    {
      "id": "cordova-plugin-contacts.ContactField",
      "file": "plugins/cordova-plugin-contacts/www/ContactField.js",
      "pluginId": "cordova-plugin-contacts",
      "clobbers": [
        "ContactField"
      ]
    },
    {
      "id": "cordova-plugin-contacts.ContactFindOptions",
      "file": "plugins/cordova-plugin-contacts/www/ContactFindOptions.js",
      "pluginId": "cordova-plugin-contacts",
      "clobbers": [
        "ContactFindOptions"
      ]
    },
    {
      "id": "cordova-plugin-contacts.ContactName",
      "file": "plugins/cordova-plugin-contacts/www/ContactName.js",
      "pluginId": "cordova-plugin-contacts",
      "clobbers": [
        "ContactName"
      ]
    },
    {
      "id": "cordova-plugin-contacts.ContactOrganization",
      "file": "plugins/cordova-plugin-contacts/www/ContactOrganization.js",
      "pluginId": "cordova-plugin-contacts",
      "clobbers": [
        "ContactOrganization"
      ]
    },
    {
      "id": "cordova-plugin-contacts.ContactFieldType",
      "file": "plugins/cordova-plugin-contacts/www/ContactFieldType.js",
      "pluginId": "cordova-plugin-contacts",
      "merges": [
        ""
      ]
    },
    {
      "id": "cordova-plugin-contacts.contacts-ios",
      "file": "plugins/cordova-plugin-contacts/www/ios/contacts.js",
      "pluginId": "cordova-plugin-contacts",
      "merges": [
        "navigator.contacts"
      ]
    },
    {
      "id": "cordova-plugin-contacts.Contact-iOS",
      "file": "plugins/cordova-plugin-contacts/www/ios/Contact.js",
      "pluginId": "cordova-plugin-contacts",
      "merges": [
        "Contact"
      ]
    },
    {
      "id": "cordova-plugin-device.device",
      "file": "plugins/cordova-plugin-device/www/device.js",
      "pluginId": "cordova-plugin-device",
      "clobbers": [
        "device"
      ]
    },
    {
      "id": "cordova-plugin-device-motion.Acceleration",
      "file": "plugins/cordova-plugin-device-motion/www/Acceleration.js",
      "pluginId": "cordova-plugin-device-motion",
      "clobbers": [
        "Acceleration"
      ]
    },
    {
      "id": "cordova-plugin-device-motion.accelerometer",
      "file": "plugins/cordova-plugin-device-motion/www/accelerometer.js",
      "pluginId": "cordova-plugin-device-motion",
      "clobbers": [
        "navigator.accelerometer"
      ]
    },
    {
      "id": "cordova-plugin-device-orientation.CompassError",
      "file": "plugins/cordova-plugin-device-orientation/www/CompassError.js",
      "pluginId": "cordova-plugin-device-orientation",
      "clobbers": [
        "CompassError"
      ]
    },
    {
      "id": "cordova-plugin-device-orientation.CompassHeading",
      "file": "plugins/cordova-plugin-device-orientation/www/CompassHeading.js",
      "pluginId": "cordova-plugin-device-orientation",
      "clobbers": [
        "CompassHeading"
      ]
    },
    {
      "id": "cordova-plugin-device-orientation.compass",
      "file": "plugins/cordova-plugin-device-orientation/www/compass.js",
      "pluginId": "cordova-plugin-device-orientation",
      "clobbers": [
        "navigator.compass"
      ]
    },
    {
      "id": "cordova-plugin-dialogs.notification",
      "file": "plugins/cordova-plugin-dialogs/www/notification.js",
      "pluginId": "cordova-plugin-dialogs",
      "merges": [
        "navigator.notification"
      ]
    },
    {
      "id": "cordova-plugin-file.DirectoryEntry",
      "file": "plugins/cordova-plugin-file/www/DirectoryEntry.js",
      "pluginId": "cordova-plugin-file",
      "clobbers": [
        "window.DirectoryEntry"
      ]
    },
    {
      "id": "cordova-plugin-file.DirectoryReader",
      "file": "plugins/cordova-plugin-file/www/DirectoryReader.js",
      "pluginId": "cordova-plugin-file",
      "clobbers": [
        "window.DirectoryReader"
      ]
    },
    {
      "id": "cordova-plugin-file.Entry",
      "file": "plugins/cordova-plugin-file/www/Entry.js",
      "pluginId": "cordova-plugin-file",
      "clobbers": [
        "window.Entry"
      ]
    },
    {
      "id": "cordova-plugin-file.File",
      "file": "plugins/cordova-plugin-file/www/File.js",
      "pluginId": "cordova-plugin-file",
      "clobbers": [
        "window.File"
      ]
    },
    {
      "id": "cordova-plugin-file.FileEntry",
      "file": "plugins/cordova-plugin-file/www/FileEntry.js",
      "pluginId": "cordova-plugin-file",
      "clobbers": [
        "window.FileEntry"
      ]
    },
    {
      "id": "cordova-plugin-file.FileError",
      "file": "plugins/cordova-plugin-file/www/FileError.js",
      "pluginId": "cordova-plugin-file",
      "clobbers": [
        "window.FileError"
      ]
    },
    {
      "id": "cordova-plugin-file.FileReader",
      "file": "plugins/cordova-plugin-file/www/FileReader.js",
      "pluginId": "cordova-plugin-file",
      "clobbers": [
        "window.FileReader"
      ]
    },
    {
      "id": "cordova-plugin-file.FileSystem",
      "file": "plugins/cordova-plugin-file/www/FileSystem.js",
      "pluginId": "cordova-plugin-file",
      "clobbers": [
        "window.FileSystem"
      ]
    },
    {
      "id": "cordova-plugin-file.FileUploadOptions",
      "file": "plugins/cordova-plugin-file/www/FileUploadOptions.js",
      "pluginId": "cordova-plugin-file",
      "clobbers": [
        "window.FileUploadOptions"
      ]
    },
    {
      "id": "cordova-plugin-file.FileUploadResult",
      "file": "plugins/cordova-plugin-file/www/FileUploadResult.js",
      "pluginId": "cordova-plugin-file",
      "clobbers": [
        "window.FileUploadResult"
      ]
    },
    {
      "id": "cordova-plugin-file.FileWriter",
      "file": "plugins/cordova-plugin-file/www/FileWriter.js",
      "pluginId": "cordova-plugin-file",
      "clobbers": [
        "window.FileWriter"
      ]
    },
    {
      "id": "cordova-plugin-file.Flags",
      "file": "plugins/cordova-plugin-file/www/Flags.js",
      "pluginId": "cordova-plugin-file",
      "clobbers": [
        "window.Flags"
      ]
    },
    {
      "id": "cordova-plugin-file.LocalFileSystem",
      "file": "plugins/cordova-plugin-file/www/LocalFileSystem.js",
      "pluginId": "cordova-plugin-file",
      "clobbers": [
        "window.LocalFileSystem"
      ],
      "merges": [
        "window"
      ]
    },
    {
      "id": "cordova-plugin-file.Metadata",
      "file": "plugins/cordova-plugin-file/www/Metadata.js",
      "pluginId": "cordova-plugin-file",
      "clobbers": [
        "window.Metadata"
      ]
    },
    {
      "id": "cordova-plugin-file.ProgressEvent",
      "file": "plugins/cordova-plugin-file/www/ProgressEvent.js",
      "pluginId": "cordova-plugin-file",
      "clobbers": [
        "window.ProgressEvent"
      ]
    },
    {
      "id": "cordova-plugin-file.fileSystems",
      "file": "plugins/cordova-plugin-file/www/fileSystems.js",
      "pluginId": "cordova-plugin-file"
    },
    {
      "id": "cordova-plugin-file.requestFileSystem",
      "file": "plugins/cordova-plugin-file/www/requestFileSystem.js",
      "pluginId": "cordova-plugin-file",
      "clobbers": [
        "window.requestFileSystem"
      ]
    },
    {
      "id": "cordova-plugin-file.resolveLocalFileSystemURI",
      "file": "plugins/cordova-plugin-file/www/resolveLocalFileSystemURI.js",
      "pluginId": "cordova-plugin-file",
      "merges": [
        "window"
      ]
    },
    {
      "id": "cordova-plugin-file.isChrome",
      "file": "plugins/cordova-plugin-file/www/browser/isChrome.js",
      "pluginId": "cordova-plugin-file",
      "runs": true
    },
    {
      "id": "cordova-plugin-file.iosFileSystem",
      "file": "plugins/cordova-plugin-file/www/ios/FileSystem.js",
      "pluginId": "cordova-plugin-file",
      "merges": [
        "FileSystem"
      ]
    },
    {
      "id": "cordova-plugin-file.fileSystems-roots",
      "file": "plugins/cordova-plugin-file/www/fileSystems-roots.js",
      "pluginId": "cordova-plugin-file",
      "runs": true
    },
    {
      "id": "cordova-plugin-file.fileSystemPaths",
      "file": "plugins/cordova-plugin-file/www/fileSystemPaths.js",
      "pluginId": "cordova-plugin-file",
      "merges": [
        "cordova"
      ],
      "runs": true
    },
    {
      "id": "cordova-plugin-file-transfer.FileTransferError",
      "file": "plugins/cordova-plugin-file-transfer/www/FileTransferError.js",
      "pluginId": "cordova-plugin-file-transfer",
      "clobbers": [
        "window.FileTransferError"
      ]
    },
    {
      "id": "cordova-plugin-file-transfer.FileTransfer",
      "file": "plugins/cordova-plugin-file-transfer/www/FileTransfer.js",
      "pluginId": "cordova-plugin-file-transfer",
      "clobbers": [
        "window.FileTransfer"
      ]
    },
    {
      "id": "cordova-plugin-geolocation.Coordinates",
      "file": "plugins/cordova-plugin-geolocation/www/Coordinates.js",
      "pluginId": "cordova-plugin-geolocation",
      "clobbers": [
        "Coordinates"
      ]
    },
    {
      "id": "cordova-plugin-geolocation.PositionError",
      "file": "plugins/cordova-plugin-geolocation/www/PositionError.js",
      "pluginId": "cordova-plugin-geolocation",
      "clobbers": [
        "PositionError"
      ]
    },
    {
      "id": "cordova-plugin-geolocation.Position",
      "file": "plugins/cordova-plugin-geolocation/www/Position.js",
      "pluginId": "cordova-plugin-geolocation",
      "clobbers": [
        "Position"
      ]
    },
    {
      "id": "cordova-plugin-geolocation.geolocation",
      "file": "plugins/cordova-plugin-geolocation/www/geolocation.js",
      "pluginId": "cordova-plugin-geolocation",
      "clobbers": [
        "navigator.geolocation"
      ]
    },
    {
      "id": "cordova-plugin-globalization.GlobalizationError",
      "file": "plugins/cordova-plugin-globalization/www/GlobalizationError.js",
      "pluginId": "cordova-plugin-globalization",
      "clobbers": [
        "window.GlobalizationError"
      ]
    },
    {
      "id": "cordova-plugin-globalization.globalization",
      "file": "plugins/cordova-plugin-globalization/www/globalization.js",
      "pluginId": "cordova-plugin-globalization",
      "clobbers": [
        "navigator.globalization"
      ]
    },
    {
      "id": "cordova-plugin-inappbrowser.inappbrowser",
      "file": "plugins/cordova-plugin-inappbrowser/www/inappbrowser.js",
      "pluginId": "cordova-plugin-inappbrowser",
      "clobbers": [
        "cordova.InAppBrowser.open",
        "window.open"
      ]
    },
    {
      "id": "cordova-plugin-media.MediaError",
      "file": "plugins/cordova-plugin-media/www/MediaError.js",
      "pluginId": "cordova-plugin-media",
      "clobbers": [
        "window.MediaError"
      ]
    },
    {
      "id": "cordova-plugin-media.Media",
      "file": "plugins/cordova-plugin-media/www/Media.js",
      "pluginId": "cordova-plugin-media",
      "clobbers": [
        "window.Media"
      ]
    },
    {
      "id": "cordova-plugin-media-capture.CaptureAudioOptions",
      "file": "plugins/cordova-plugin-media-capture/www/CaptureAudioOptions.js",
      "pluginId": "cordova-plugin-media-capture",
      "clobbers": [
        "CaptureAudioOptions"
      ]
    },
    {
      "id": "cordova-plugin-media-capture.CaptureImageOptions",
      "file": "plugins/cordova-plugin-media-capture/www/CaptureImageOptions.js",
      "pluginId": "cordova-plugin-media-capture",
      "clobbers": [
        "CaptureImageOptions"
      ]
    },
    {
      "id": "cordova-plugin-media-capture.CaptureVideoOptions",
      "file": "plugins/cordova-plugin-media-capture/www/CaptureVideoOptions.js",
      "pluginId": "cordova-plugin-media-capture",
      "clobbers": [
        "CaptureVideoOptions"
      ]
    },
    {
      "id": "cordova-plugin-media-capture.CaptureError",
      "file": "plugins/cordova-plugin-media-capture/www/CaptureError.js",
      "pluginId": "cordova-plugin-media-capture",
      "clobbers": [
        "CaptureError"
      ]
    },
    {
      "id": "cordova-plugin-media-capture.MediaFileData",
      "file": "plugins/cordova-plugin-media-capture/www/MediaFileData.js",
      "pluginId": "cordova-plugin-media-capture",
      "clobbers": [
        "MediaFileData"
      ]
    },
    {
      "id": "cordova-plugin-media-capture.MediaFile",
      "file": "plugins/cordova-plugin-media-capture/www/MediaFile.js",
      "pluginId": "cordova-plugin-media-capture",
      "clobbers": [
        "MediaFile"
      ]
    },
    {
      "id": "cordova-plugin-media-capture.capture",
      "file": "plugins/cordova-plugin-media-capture/www/capture.js",
      "pluginId": "cordova-plugin-media-capture",
      "clobbers": [
        "navigator.device.capture"
      ]
    },
    {
      "id": "cordova-plugin-network-information.network",
      "file": "plugins/cordova-plugin-network-information/www/network.js",
      "pluginId": "cordova-plugin-network-information",
      "clobbers": [
        "navigator.connection",
        "navigator.network.connection"
      ]
    },
    {
      "id": "cordova-plugin-network-information.Connection",
      "file": "plugins/cordova-plugin-network-information/www/Connection.js",
      "pluginId": "cordova-plugin-network-information",
      "clobbers": [
        "Connection"
      ]
    },
    {
      "id": "cordova-plugin-splashscreen.SplashScreen",
      "file": "plugins/cordova-plugin-splashscreen/www/splashscreen.js",
      "pluginId": "cordova-plugin-splashscreen",
      "clobbers": [
        "navigator.splashscreen"
      ]
    },
    {
      "id": "cordova-plugin-statusbar.statusbar",
      "file": "plugins/cordova-plugin-statusbar/www/statusbar.js",
      "pluginId": "cordova-plugin-statusbar",
      "clobbers": [
        "window.StatusBar"
      ]
    },
    {
      "id": "cordova-plugin-vibration.notification",
      "file": "plugins/cordova-plugin-vibration/www/vibration.js",
      "pluginId": "cordova-plugin-vibration",
      "merges": [
        "navigator.notification",
        "navigator"
      ]
    },
    {
      "id": "cordova-plugin-video-editor.VideoEditor",
      "file": "plugins/cordova-plugin-video-editor/www/VideoEditor.js",
      "pluginId": "cordova-plugin-video-editor",
      "clobbers": [
        "VideoEditor"
      ]
    },
    {
      "id": "cordova-plugin-video-editor.VideoEditorOptions",
      "file": "plugins/cordova-plugin-video-editor/www/VideoEditorOptions.js",
      "pluginId": "cordova-plugin-video-editor",
      "clobbers": [
        "VideoEditorOptions"
      ]
    },
    {
      "id": "phonegap-plugin-contentsync.ContentSync",
      "file": "plugins/phonegap-plugin-contentsync/www/index.js",
      "pluginId": "phonegap-plugin-contentsync",
      "clobbers": [
        "window.ContentSync",
        "window.Zip",
        "window.zip"
      ]
    },
    {
      "id": "uk.co.workingedge.cordova.plugin.sqliteporter.sqlitePorter",
      "file": "plugins/uk.co.workingedge.cordova.plugin.sqliteporter/www/sqlitePorter.js",
      "pluginId": "uk.co.workingedge.cordova.plugin.sqliteporter",
      "clobbers": [
        "cordova.plugins.sqlitePorter"
      ]
    },
    {
      "id": "cordova-plugin-camera.Camera",
      "file": "plugins/cordova-plugin-camera/www/CameraConstants.js",
      "pluginId": "cordova-plugin-camera",
      "clobbers": [
        "Camera"
      ]
    },
    {
      "id": "cordova-plugin-camera.CameraPopoverOptions",
      "file": "plugins/cordova-plugin-camera/www/CameraPopoverOptions.js",
      "pluginId": "cordova-plugin-camera",
      "clobbers": [
        "CameraPopoverOptions"
      ]
    },
    {
      "id": "cordova-plugin-camera.camera",
      "file": "plugins/cordova-plugin-camera/www/Camera.js",
      "pluginId": "cordova-plugin-camera",
      "clobbers": [
        "navigator.camera"
      ]
    },
    {
      "id": "cordova-plugin-camera.CameraPopoverHandle",
      "file": "plugins/cordova-plugin-camera/www/ios/CameraPopoverHandle.js",
      "pluginId": "cordova-plugin-camera",
      "clobbers": [
        "CameraPopoverHandle"
      ]
    },
    {
      "id": "cordova-sqlite-legacy.SQLitePlugin",
      "file": "plugins/cordova-sqlite-legacy/www/SQLitePlugin.js",
      "pluginId": "cordova-sqlite-legacy",
      "clobbers": [
        "SQLitePlugin"
      ]
    },
    {
      "id": "cordova-sqlite-legacy-build-support.SQLitePlugin",
      "file": "plugins/cordova-sqlite-legacy-build-support/www/SQLitePlugin.js",
      "pluginId": "cordova-sqlite-legacy-build-support",
      "clobbers": [
        "SQLitePlugin"
      ]
    }
  ],
  "plugin_metadata": {
    "cordova-plugin-battery-status": "1.1.2",
    "cordova-plugin-compat": "1.2.0",
    "cordova-plugin-console": "1.0.7",
    "cordova-plugin-contacts": "2.0.1",
    "cordova-plugin-device": "1.1.6",
    "cordova-plugin-device-motion": "1.2.5",
    "cordova-plugin-device-orientation": "1.0.7",
    "cordova-plugin-dialogs": "1.2.1",
    "cordova-plugin-file": "4.3.3",
    "cordova-plugin-file-transfer": "1.5.1",
    "cordova-plugin-geolocation": "2.1.0",
    "cordova-plugin-globalization": "1.0.7",
    "cordova-plugin-inappbrowser": "1.3.0",
    "cordova-plugin-media": "2.2.0",
    "cordova-plugin-media-capture": "1.2.0",
    "cordova-plugin-network-information": "1.2.1",
    "cordova-plugin-splashscreen": "3.2.2",
    "cordova-plugin-statusbar": "2.1.3",
    "cordova-plugin-vibration": "2.1.5",
    "cordova-plugin-video-editor": "1.1.3",
    "cordova-plugin-whitelist": "1.2.2",
    "phonegap-plugin-contentsync": "1.4.2",
    "uk.co.workingedge.cordova.plugin.sqliteporter": "1.0.1",
    "cordova-plugin-camera": "2.1.1",
    "cordova-sqlite-legacy": "2.0.0",
    "cordova-sqlite-legacy-build-support": "1.3.6"
  }
}